image_id,sequence_id,sensor,scene_type,split,question_type,variant,template_id,question,question_paraphrased,answer,answer_type,answer_space,image_path,depth_path,source,evidence
41048071/4469.317,41048071,lidar,unknown,train,relative_depth,farther,5,"Which one is farther, the sofa or the table?",,table,choice,sofa|table,ARKitScenes/3dod/Training/41048071/41048071_frames/lowres_wide/41048071_4469.317.png,ARKitScenes/3dod/Training/41048071/41048071_frames/lowres_depth/41048071_4469.317.png,rule,"{""a_concept"": ""sofa"", ""a_depth_m"": 2.4779999256134033, ""b_concept"": ""table"", ""b_depth_m"": 3.5739998817443848, ""comparative"": ""farther"", ""answer_concept"": ""table""}"
41048071/4469.317,41048071,lidar,unknown,train,relative_depth,closer,0,"Which is closer to the camera, the chair or the sofa?",,sofa,choice,chair|sofa,ARKitScenes/3dod/Training/41048071/41048071_frames/lowres_wide/41048071_4469.317.png,ARKitScenes/3dod/Training/41048071/41048071_frames/lowres_depth/41048071_4469.317.png,rule,"{""a_concept"": ""sofa"", ""a_depth_m"": 2.4779999256134033, ""b_concept"": ""chair"", ""b_depth_m"": 3.6089999675750732, ""comparative"": ""closer"", ""answer_concept"": ""sofa""}"
41048071/4513.516,41048071,lidar,unknown,train,relative_depth,closer,0,"Which is closer to the camera, the cabinet or the sofa?",,sofa,choice,cabinet|sofa,ARKitScenes/3dod/Training/41048071/41048071_frames/lowres_wide/41048071_4513.516.png,ARKitScenes/3dod/Training/41048071/41048071_frames/lowres_depth/41048071_4513.516.png,rule,"{""a_concept"": ""sofa"", ""a_depth_m"": 2.0369999408721924, ""b_concept"": ""cabinet"", ""b_depth_m"": 3.5929999351501465, ""comparative"": ""closer"", ""answer_concept"": ""sofa""}"
41069050/5056.912,41069050,lidar,unknown,test,relative_depth,closer,4,"Of the sink and the toilet, which is closer?",,toilet,choice,sink|toilet,ARKitScenes/3dod/Validation/41069050/41069050_frames/lowres_wide/41069050_5056.912.png,ARKitScenes/3dod/Validation/41069050/41069050_frames/lowres_depth/41069050_5056.912.png,rule,"{""a_concept"": ""toilet"", ""a_depth_m"": 1.156000018119812, ""b_concept"": ""sink"", ""b_depth_m"": 1.7280000448226929, ""comparative"": ""closer"", ""answer_concept"": ""toilet""}"
41125011/6833.435,41125011,lidar,unknown,train,relative_depth,closer,2,Is the television or the sofa closer to the camera?,,television,choice,television|sofa,ARKitScenes/3dod/Training/41125011/41125011_frames/lowres_wide/41125011_6833.435.png,ARKitScenes/3dod/Training/41125011/41125011_frames/lowres_depth/41125011_6833.435.png,rule,"{""a_concept"": ""sofa"", ""a_depth_m"": 2.930999994277954, ""b_concept"": ""television"", ""b_depth_m"": 2.115000009536743, ""comparative"": ""closer"", ""answer_concept"": ""television""}"
41125011/6833.435,41125011,lidar,unknown,train,relative_depth,farther,3,"Which object is farther from the camera, the table or the television?",,table,choice,table|television,ARKitScenes/3dod/Training/41125011/41125011_frames/lowres_wide/41125011_6833.435.png,ARKitScenes/3dod/Training/41125011/41125011_frames/lowres_depth/41125011_6833.435.png,rule,"{""a_concept"": ""table"", ""a_depth_m"": 3.187000036239624, ""b_concept"": ""television"", ""b_depth_m"": 2.115000009536743, ""comparative"": ""farther"", ""answer_concept"": ""table""}"
41125303/6041.815,41125303,lidar,unknown,train,relative_depth,closer,0,"Which is closer to the camera, the sink or the toilet?",,toilet,choice,sink|toilet,ARKitScenes/3dod/Training/41125303/41125303_frames/lowres_wide/41125303_6041.815.png,ARKitScenes/3dod/Training/41125303/41125303_frames/lowres_depth/41125303_6041.815.png,rule,"{""a_concept"": ""sink"", ""a_depth_m"": 1.4570000171661377, ""b_concept"": ""toilet"", ""b_depth_m"": 0.8550000190734863, ""comparative"": ""closer"", ""answer_concept"": ""toilet""}"
41126792/6202.145,41126792,lidar,unknown,train,relative_depth,closer,0,"Which is closer to the camera, the bathtub or the toilet?",,toilet,choice,bathtub|toilet,ARKitScenes/3dod/Training/41126792/41126792_frames/lowres_wide/41126792_6202.145.png,ARKitScenes/3dod/Training/41126792/41126792_frames/lowres_depth/41126792_6202.145.png,rule,"{""a_concept"": ""bathtub"", ""a_depth_m"": 1.4220000505447388, ""b_concept"": ""toilet"", ""b_depth_m"": 0.9369999766349792, ""comparative"": ""closer"", ""answer_concept"": ""toilet""}"
41126792/6202.145,41126792,lidar,unknown,train,relative_depth,farther,3,"Which object is farther from the camera, the cabinet or the toilet?",,cabinet,choice,cabinet|toilet,ARKitScenes/3dod/Training/41126792/41126792_frames/lowres_wide/41126792_6202.145.png,ARKitScenes/3dod/Training/41126792/41126792_frames/lowres_depth/41126792_6202.145.png,rule,"{""a_concept"": ""cabinet"", ""a_depth_m"": 1.4889999628067017, ""b_concept"": ""toilet"", ""b_depth_m"": 0.9369999766349792, ""comparative"": ""farther"", ""answer_concept"": ""cabinet""}"
41126792/6202.145,41126792,lidar,unknown,train,relative_depth,farther,5,"Which one is farther, the sink or the toilet?",,sink,choice,sink|toilet,ARKitScenes/3dod/Training/41126792/41126792_frames/lowres_wide/41126792_6202.145.png,ARKitScenes/3dod/Training/41126792/41126792_frames/lowres_depth/41126792_6202.145.png,rule,"{""a_concept"": ""sink"", ""a_depth_m"": 1.3669999837875366, ""b_concept"": ""toilet"", ""b_depth_m"": 0.9369999766349792, ""comparative"": ""farther"", ""answer_concept"": ""sink""}"
41126867/1143.696,41126867,lidar,unknown,train,relative_depth,closer,4,"Of the chair and the refrigerator, which is closer?",,refrigerator,choice,chair|refrigerator,ARKitScenes/3dod/Training/41126867/41126867_frames/lowres_wide/41126867_1143.696.png,ARKitScenes/3dod/Training/41126867/41126867_frames/lowres_depth/41126867_1143.696.png,rule,"{""a_concept"": ""chair"", ""a_depth_m"": 2.7769999504089355, ""b_concept"": ""refrigerator"", ""b_depth_m"": 2.1579999923706055, ""comparative"": ""closer"", ""answer_concept"": ""refrigerator""}"
41126867/1143.696,41126867,lidar,unknown,train,relative_depth,farther,0,"Which is farther from the camera, the refrigerator or the oven?",,oven,choice,refrigerator|oven,ARKitScenes/3dod/Training/41126867/41126867_frames/lowres_wide/41126867_1143.696.png,ARKitScenes/3dod/Training/41126867/41126867_frames/lowres_depth/41126867_1143.696.png,rule,"{""a_concept"": ""oven"", ""a_depth_m"": 2.5850000381469727, ""b_concept"": ""refrigerator"", ""b_depth_m"": 2.1579999923706055, ""comparative"": ""farther"", ""answer_concept"": ""oven""}"
41126867/1143.696,41126867,lidar,unknown,train,relative_depth,farther,2,Is the refrigerator or the stove farther from the camera?,,stove,choice,refrigerator|stove,ARKitScenes/3dod/Training/41126867/41126867_frames/lowres_wide/41126867_1143.696.png,ARKitScenes/3dod/Training/41126867/41126867_frames/lowres_depth/41126867_1143.696.png,rule,"{""a_concept"": ""stove"", ""a_depth_m"": 2.5759999752044678, ""b_concept"": ""refrigerator"", ""b_depth_m"": 2.1579999923706055, ""comparative"": ""farther"", ""answer_concept"": ""stove""}"
41159448/477.916,41159448,lidar,unknown,train,relative_depth,closer,1,"Between the table and the sofa, which one is closer to the camera?",,table,choice,table|sofa,ARKitScenes/3dod/Training/41159448/41159448_frames/lowres_wide/41159448_477.916.png,ARKitScenes/3dod/Training/41159448/41159448_frames/lowres_depth/41159448_477.916.png,rule,"{""a_concept"": ""sofa"", ""a_depth_m"": 3.013000011444092, ""b_concept"": ""table"", ""b_depth_m"": 2.265000104904175, ""comparative"": ""closer"", ""answer_concept"": ""table""}"
41159448/551.703,41159448,lidar,unknown,train,relative_depth,closer,5,"Which one is closer, the sofa or the table?",,table,choice,sofa|table,ARKitScenes/3dod/Training/41159448/41159448_frames/lowres_wide/41159448_551.703.png,ARKitScenes/3dod/Training/41159448/41159448_frames/lowres_depth/41159448_551.703.png,rule,"{""a_concept"": ""sofa"", ""a_depth_m"": 2.7769999504089355, ""b_concept"": ""table"", ""b_depth_m"": 2.2339999675750732, ""comparative"": ""closer"", ""answer_concept"": ""table""}"
41159639/58464.197,41159639,lidar,unknown,train,relative_depth,farther,5,"Which one is farther, the bed or the table?",,bed,choice,bed|table,ARKitScenes/3dod/Training/41159639/41159639_frames/lowres_wide/41159639_58464.197.png,ARKitScenes/3dod/Training/41159639/41159639_frames/lowres_depth/41159639_58464.197.png,rule,"{""a_concept"": ""bed"", ""a_depth_m"": 2.384000062942505, ""b_concept"": ""table"", ""b_depth_m"": 2.0309998989105225, ""comparative"": ""farther"", ""answer_concept"": ""bed""}"
41159687/46512.865,41159687,lidar,unknown,train,relative_depth,farther,5,"Which one is farther, the table or the sofa?",,table,choice,table|sofa,ARKitScenes/3dod/Training/41159687/41159687_frames/lowres_wide/41159687_46512.865.png,ARKitScenes/3dod/Training/41159687/41159687_frames/lowres_depth/41159687_46512.865.png,rule,"{""a_concept"": ""table"", ""a_depth_m"": 2.9739999771118164, ""b_concept"": ""sofa"", ""b_depth_m"": 2.328000068664551, ""comparative"": ""farther"", ""answer_concept"": ""table""}"
42444711/74074.426,42444711,lidar,unknown,train,relative_depth,farther,0,"Which is farther from the camera, the sink or the toilet?",,sink,choice,sink|toilet,ARKitScenes/3dod/Training/42444711/42444711_frames/lowres_wide/42444711_74074.426.png,ARKitScenes/3dod/Training/42444711/42444711_frames/lowres_depth/42444711_74074.426.png,rule,"{""a_concept"": ""toilet"", ""a_depth_m"": 2.0169999599456787, ""b_concept"": ""sink"", ""b_depth_m"": 3.1999998092651367, ""comparative"": ""farther"", ""answer_concept"": ""sink""}"
42444711/74074.426,42444711,lidar,unknown,train,relative_depth,closer,3,"Which object is closer to the camera, the sink or the cabinet?",,cabinet,choice,sink|cabinet,ARKitScenes/3dod/Training/42444711/42444711_frames/lowres_wide/42444711_74074.426.png,ARKitScenes/3dod/Training/42444711/42444711_frames/lowres_depth/42444711_74074.426.png,rule,"{""a_concept"": ""cabinet"", ""a_depth_m"": 2.138000011444092, ""b_concept"": ""sink"", ""b_depth_m"": 3.1999998092651367, ""comparative"": ""closer"", ""answer_concept"": ""cabinet""}"
42445599/285096.845,42445599,lidar,unknown,val,relative_depth,closer,5,"Which one is closer, the cabinet or the bed?",,bed,choice,cabinet|bed,ARKitScenes/3dod/Training/42445599/42445599_frames/lowres_wide/42445599_285096.845.png,ARKitScenes/3dod/Training/42445599/42445599_frames/lowres_depth/42445599_285096.845.png,rule,"{""a_concept"": ""bed"", ""a_depth_m"": 2.265000104904175, ""b_concept"": ""cabinet"", ""b_depth_m"": 2.9820001125335693, ""comparative"": ""closer"", ""answer_concept"": ""bed""}"
42446025/134627.650,42446025,lidar,unknown,train,relative_depth,closer,5,"Which one is closer, the sofa or the table?",,sofa,choice,sofa|table,ARKitScenes/3dod/Training/42446025/42446025_frames/lowres_wide/42446025_134627.650.png,ARKitScenes/3dod/Training/42446025/42446025_frames/lowres_depth/42446025_134627.650.png,rule,"{""a_concept"": ""sofa"", ""a_depth_m"": 1.0180000066757202, ""b_concept"": ""table"", ""b_depth_m"": 1.5820000171661377, ""comparative"": ""closer"", ""answer_concept"": ""sofa""}"
42446050/79846.187,42446050,lidar,unknown,train,relative_depth,farther,3,"Which object is farther from the camera, the bed or the cabinet?",,cabinet,choice,bed|cabinet,ARKitScenes/3dod/Training/42446050/42446050_frames/lowres_wide/42446050_79846.187.png,ARKitScenes/3dod/Training/42446050/42446050_frames/lowres_depth/42446050_79846.187.png,rule,"{""a_concept"": ""bed"", ""a_depth_m"": 1.4730000495910645, ""b_concept"": ""cabinet"", ""b_depth_m"": 2.3589999675750732, ""comparative"": ""farther"", ""answer_concept"": ""cabinet""}"
42446576/205920.270,42446576,lidar,unknown,train,relative_depth,closer,2,Is the table or the sofa closer to the camera?,,sofa,choice,table|sofa,ARKitScenes/3dod/Training/42446576/42446576_frames/lowres_wide/42446576_205920.270.png,ARKitScenes/3dod/Training/42446576/42446576_frames/lowres_depth/42446576_205920.270.png,rule,"{""a_concept"": ""sofa"", ""a_depth_m"": 1.590999960899353, ""b_concept"": ""table"", ""b_depth_m"": 2.565000057220459, ""comparative"": ""closer"", ""answer_concept"": ""sofa""}"
42897550/276565.661,42897550,lidar,unknown,test,relative_depth,closer,3,"Which object is closer to the camera, the cabinet or the sink?",,cabinet,choice,cabinet|sink,ARKitScenes/3dod/Validation/42897550/42897550_frames/lowres_wide/42897550_276565.661.png,ARKitScenes/3dod/Validation/42897550/42897550_frames/lowres_depth/42897550_276565.661.png,rule,"{""a_concept"": ""cabinet"", ""a_depth_m"": 1.6380000114440918, ""b_concept"": ""sink"", ""b_depth_m"": 2.305999994277954, ""comparative"": ""closer"", ""answer_concept"": ""cabinet""}"
42897780/129143.539,42897780,lidar,unknown,train,relative_depth,closer,4,"Of the bed and the stool, which is closer?",,stool,choice,bed|stool,ARKitScenes/3dod/Training/42897780/42897780_frames/lowres_wide/42897780_129143.539.png,ARKitScenes/3dod/Training/42897780/42897780_frames/lowres_depth/42897780_129143.539.png,rule,"{""a_concept"": ""bed"", ""a_depth_m"": 2.4549999237060547, ""b_concept"": ""stool"", ""b_depth_m"": 0.7630000114440918, ""comparative"": ""closer"", ""answer_concept"": ""stool""}"
42897947/533448.647,42897947,lidar,unknown,train,relative_depth,farther,4,"Of the sink and the table, which is farther?",,sink,choice,sink|table,ARKitScenes/3dod/Training/42897947/42897947_frames/lowres_wide/42897947_533448.647.png,ARKitScenes/3dod/Training/42897947/42897947_frames/lowres_depth/42897947_533448.647.png,rule,"{""a_concept"": ""sink"", ""a_depth_m"": 1.3949999809265137, ""b_concept"": ""table"", ""b_depth_m"": 1.0190000534057617, ""comparative"": ""farther"", ""answer_concept"": ""sink""}"
42898405/369775.283,42898405,lidar,unknown,train,relative_depth,closer,2,Is the cabinet or the toilet closer to the camera?,,toilet,choice,cabinet|toilet,ARKitScenes/3dod/Training/42898405/42898405_frames/lowres_wide/42898405_369775.283.png,ARKitScenes/3dod/Training/42898405/42898405_frames/lowres_depth/42898405_369775.283.png,rule,"{""a_concept"": ""cabinet"", ""a_depth_m"": 2.630000114440918, ""b_concept"": ""toilet"", ""b_depth_m"": 1.7109999656677246, ""comparative"": ""closer"", ""answer_concept"": ""toilet""}"
42898405/369775.283,42898405,lidar,unknown,train,relative_depth,farther,0,"Which is farther from the camera, the toilet or the sink?",,sink,choice,toilet|sink,ARKitScenes/3dod/Training/42898405/42898405_frames/lowres_wide/42898405_369775.283.png,ARKitScenes/3dod/Training/42898405/42898405_frames/lowres_depth/42898405_369775.283.png,rule,"{""a_concept"": ""sink"", ""a_depth_m"": 2.6670000553131104, ""b_concept"": ""toilet"", ""b_depth_m"": 1.7109999656677246, ""comparative"": ""farther"", ""answer_concept"": ""sink""}"
42898405/369786.795,42898405,lidar,unknown,train,relative_depth,closer,0,"Which is closer to the camera, the toilet or the cabinet?",,toilet,choice,toilet|cabinet,ARKitScenes/3dod/Training/42898405/42898405_frames/lowres_wide/42898405_369786.795.png,ARKitScenes/3dod/Training/42898405/42898405_frames/lowres_depth/42898405_369786.795.png,rule,"{""a_concept"": ""cabinet"", ""a_depth_m"": 2.5329999923706055, ""b_concept"": ""toilet"", ""b_depth_m"": 1.9470000267028809, ""comparative"": ""closer"", ""answer_concept"": ""toilet""}"
42898405/369786.795,42898405,lidar,unknown,train,relative_depth,closer,3,"Which object is closer to the camera, the toilet or the sink?",,toilet,choice,toilet|sink,ARKitScenes/3dod/Training/42898405/42898405_frames/lowres_wide/42898405_369786.795.png,ARKitScenes/3dod/Training/42898405/42898405_frames/lowres_depth/42898405_369786.795.png,rule,"{""a_concept"": ""sink"", ""a_depth_m"": 2.5369999408721924, ""b_concept"": ""toilet"", ""b_depth_m"": 1.9470000267028809, ""comparative"": ""closer"", ""answer_concept"": ""toilet""}"
42898653/573164.836,42898653,lidar,unknown,train,relative_depth,closer,2,Is the television or the table closer to the camera?,,television,choice,television|table,ARKitScenes/3dod/Training/42898653/42898653_frames/lowres_wide/42898653_573164.836.png,ARKitScenes/3dod/Training/42898653/42898653_frames/lowres_depth/42898653_573164.836.png,rule,"{""a_concept"": ""table"", ""a_depth_m"": 3.1649999618530273, ""b_concept"": ""television"", ""b_depth_m"": 2.680999994277954, ""comparative"": ""closer"", ""answer_concept"": ""television""}"
42898653/573164.836,42898653,lidar,unknown,train,relative_depth,closer,0,"Which is closer to the camera, the sofa or the table?",,sofa,choice,sofa|table,ARKitScenes/3dod/Training/42898653/42898653_frames/lowres_wide/42898653_573164.836.png,ARKitScenes/3dod/Training/42898653/42898653_frames/lowres_depth/42898653_573164.836.png,rule,"{""a_concept"": ""table"", ""a_depth_m"": 3.1649999618530273, ""b_concept"": ""sofa"", ""b_depth_m"": 1.7649999856948853, ""comparative"": ""closer"", ""answer_concept"": ""sofa""}"
42898653/573164.836,42898653,lidar,unknown,train,relative_depth,closer,4,"Of the cabinet and the television, which is closer?",,television,choice,cabinet|television,ARKitScenes/3dod/Training/42898653/42898653_frames/lowres_wide/42898653_573164.836.png,ARKitScenes/3dod/Training/42898653/42898653_frames/lowres_depth/42898653_573164.836.png,rule,"{""a_concept"": ""cabinet"", ""a_depth_m"": 3.263000011444092, ""b_concept"": ""television"", ""b_depth_m"": 2.680999994277954, ""comparative"": ""closer"", ""answer_concept"": ""television""}"
42898653/573164.836,42898653,lidar,unknown,train,relative_depth,farther,0,"Which is farther from the camera, the sofa or the cabinet?",,cabinet,choice,sofa|cabinet,ARKitScenes/3dod/Training/42898653/42898653_frames/lowres_wide/42898653_573164.836.png,ARKitScenes/3dod/Training/42898653/42898653_frames/lowres_depth/42898653_573164.836.png,rule,"{""a_concept"": ""cabinet"", ""a_depth_m"": 3.263000011444092, ""b_concept"": ""sofa"", ""b_depth_m"": 1.7649999856948853, ""comparative"": ""farther"", ""answer_concept"": ""cabinet""}"
42898653/573164.836,42898653,lidar,unknown,train,relative_depth,closer,5,"Which one is closer, the sofa or the television?",,sofa,choice,sofa|television,ARKitScenes/3dod/Training/42898653/42898653_frames/lowres_wide/42898653_573164.836.png,ARKitScenes/3dod/Training/42898653/42898653_frames/lowres_depth/42898653_573164.836.png,rule,"{""a_concept"": ""television"", ""a_depth_m"": 2.680999994277954, ""b_concept"": ""sofa"", ""b_depth_m"": 1.7649999856948853, ""comparative"": ""closer"", ""answer_concept"": ""sofa""}"
42898653/573226.627,42898653,lidar,unknown,train,relative_depth,farther,1,"Between the sofa and the cabinet, which one is farther from the camera?",,cabinet,choice,sofa|cabinet,ARKitScenes/3dod/Training/42898653/42898653_frames/lowres_wide/42898653_573226.627.png,ARKitScenes/3dod/Training/42898653/42898653_frames/lowres_depth/42898653_573226.627.png,rule,"{""a_concept"": ""sofa"", ""a_depth_m"": 1.3730000257492065, ""b_concept"": ""cabinet"", ""b_depth_m"": 3.2260000705718994, ""comparative"": ""farther"", ""answer_concept"": ""cabinet""}"
42898655/572864.461,42898655,lidar,unknown,train,relative_depth,closer,0,"Which is closer to the camera, the table or the cabinet?",,table,choice,table|cabinet,ARKitScenes/3dod/Training/42898655/42898655_frames/lowres_wide/42898655_572864.461.png,ARKitScenes/3dod/Training/42898655/42898655_frames/lowres_depth/42898655_572864.461.png,rule,"{""a_concept"": ""table"", ""a_depth_m"": 1.5329999923706055, ""b_concept"": ""cabinet"", ""b_depth_m"": 2.384000062942505, ""comparative"": ""closer"", ""answer_concept"": ""table""}"
42898655/572864.461,42898655,lidar,unknown,train,relative_depth,farther,3,"Which object is farther from the camera, the table or the television?",,television,choice,table|television,ARKitScenes/3dod/Training/42898655/42898655_frames/lowres_wide/42898655_572864.461.png,ARKitScenes/3dod/Training/42898655/42898655_frames/lowres_depth/42898655_572864.461.png,rule,"{""a_concept"": ""table"", ""a_depth_m"": 1.5329999923706055, ""b_concept"": ""television"", ""b_depth_m"": 2.5989999771118164, ""comparative"": ""farther"", ""answer_concept"": ""television""}"
42898655/572864.461,42898655,lidar,unknown,train,relative_depth,closer,5,"Which one is closer, the cabinet or the sofa?",,sofa,choice,cabinet|sofa,ARKitScenes/3dod/Training/42898655/42898655_frames/lowres_wide/42898655_572864.461.png,ARKitScenes/3dod/Training/42898655/42898655_frames/lowres_depth/42898655_572864.461.png,rule,"{""a_concept"": ""sofa"", ""a_depth_m"": 1.3459999561309814, ""b_concept"": ""cabinet"", ""b_depth_m"": 2.384000062942505, ""comparative"": ""closer"", ""answer_concept"": ""sofa""}"
42898655/572864.461,42898655,lidar,unknown,train,relative_depth,farther,5,"Which one is farther, the sofa or the television?",,television,choice,sofa|television,ARKitScenes/3dod/Training/42898655/42898655_frames/lowres_wide/42898655_572864.461.png,ARKitScenes/3dod/Training/42898655/42898655_frames/lowres_depth/42898655_572864.461.png,rule,"{""a_concept"": ""sofa"", ""a_depth_m"": 1.3459999561309814, ""b_concept"": ""television"", ""b_depth_m"": 2.5989999771118164, ""comparative"": ""farther"", ""answer_concept"": ""television""}"
42898671/574189.698,42898671,lidar,unknown,train,relative_depth,farther,5,"Which one is farther, the cabinet or the bed?",,cabinet,choice,cabinet|bed,ARKitScenes/3dod/Training/42898671/42898671_frames/lowres_wide/42898671_574189.698.png,ARKitScenes/3dod/Training/42898671/42898671_frames/lowres_depth/42898671_574189.698.png,rule,"{""a_concept"": ""bed"", ""a_depth_m"": 2.0420000553131104, ""b_concept"": ""cabinet"", ""b_depth_m"": 2.7320001125335693, ""comparative"": ""farther"", ""answer_concept"": ""cabinet""}"
42898671/574236.379,42898671,lidar,unknown,train,relative_depth,closer,1,"Between the cabinet and the bed, which one is closer to the camera?",,bed,choice,cabinet|bed,ARKitScenes/3dod/Training/42898671/42898671_frames/lowres_wide/42898671_574236.379.png,ARKitScenes/3dod/Training/42898671/42898671_frames/lowres_depth/42898671_574236.379.png,rule,"{""a_concept"": ""bed"", ""a_depth_m"": 1.8639999628067017, ""b_concept"": ""cabinet"", ""b_depth_m"": 2.3369998931884766, ""comparative"": ""closer"", ""answer_concept"": ""bed""}"
42898803/69016.605,42898803,lidar,unknown,train,relative_depth,closer,5,"Which one is closer, the television or the cabinet?",,television,choice,television|cabinet,ARKitScenes/3dod/Training/42898803/42898803_frames/lowres_wide/42898803_69016.605.png,ARKitScenes/3dod/Training/42898803/42898803_frames/lowres_depth/42898803_69016.605.png,rule,"{""a_concept"": ""cabinet"", ""a_depth_m"": 1.4900000095367432, ""b_concept"": ""television"", ""b_depth_m"": 1.1754999160766602, ""comparative"": ""closer"", ""answer_concept"": ""television""}"
43649451/12739.355,43649451,lidar,unknown,train,relative_depth,farther,1,"Between the cabinet and the fireplace, which one is farther from the camera?",,cabinet,choice,cabinet|fireplace,ARKitScenes/3dod/Training/43649451/43649451_frames/lowres_wide/43649451_12739.355.png,ARKitScenes/3dod/Training/43649451/43649451_frames/lowres_depth/43649451_12739.355.png,rule,"{""a_concept"": ""cabinet"", ""a_depth_m"": 4.109000205993652, ""b_concept"": ""fireplace"", ""b_depth_m"": 3.309999942779541, ""comparative"": ""farther"", ""answer_concept"": ""cabinet""}"
43649451/12739.355,43649451,lidar,unknown,train,relative_depth,closer,2,Is the cabinet or the refrigerator closer to the camera?,,refrigerator,choice,cabinet|refrigerator,ARKitScenes/3dod/Training/43649451/43649451_frames/lowres_wide/43649451_12739.355.png,ARKitScenes/3dod/Training/43649451/43649451_frames/lowres_depth/43649451_12739.355.png,rule,"{""a_concept"": ""cabinet"", ""a_depth_m"": 4.109000205993652, ""b_concept"": ""refrigerator"", ""b_depth_m"": 2.0850000381469727, ""comparative"": ""closer"", ""answer_concept"": ""refrigerator""}"
43649451/12739.355,43649451,lidar,unknown,train,relative_depth,closer,2,Is the sofa or the cabinet closer to the camera?,,sofa,choice,sofa|cabinet,ARKitScenes/3dod/Training/43649451/43649451_frames/lowres_wide/43649451_12739.355.png,ARKitScenes/3dod/Training/43649451/43649451_frames/lowres_depth/43649451_12739.355.png,rule,"{""a_concept"": ""cabinet"", ""a_depth_m"": 4.109000205993652, ""b_concept"": ""sofa"", ""b_depth_m"": 2.740000009536743, ""comparative"": ""closer"", ""answer_concept"": ""sofa""}"
43649451/12739.355,43649451,lidar,unknown,train,relative_depth,farther,3,"Which object is farther from the camera, the cabinet or the chair?",,cabinet,choice,cabinet|chair,ARKitScenes/3dod/Training/43649451/43649451_frames/lowres_wide/43649451_12739.355.png,ARKitScenes/3dod/Training/43649451/43649451_frames/lowres_depth/43649451_12739.355.png,rule,"{""a_concept"": ""cabinet"", ""a_depth_m"": 4.109000205993652, ""b_concept"": ""chair"", ""b_depth_m"": 3.180999994277954, ""comparative"": ""farther"", ""answer_concept"": ""cabinet""}"
43649451/12739.355,43649451,lidar,unknown,train,relative_depth,closer,4,"Of the refrigerator and the fireplace, which is closer?",,refrigerator,choice,refrigerator|fireplace,ARKitScenes/3dod/Training/43649451/43649451_frames/lowres_wide/43649451_12739.355.png,ARKitScenes/3dod/Training/43649451/43649451_frames/lowres_depth/43649451_12739.355.png,rule,"{""a_concept"": ""fireplace"", ""a_depth_m"": 3.309999942779541, ""b_concept"": ""refrigerator"", ""b_depth_m"": 2.0850000381469727, ""comparative"": ""closer"", ""answer_concept"": ""refrigerator""}"
43649451/12739.355,43649451,lidar,unknown,train,relative_depth,farther,0,"Which is farther from the camera, the fireplace or the sofa?",,fireplace,choice,fireplace|sofa,ARKitScenes/3dod/Training/43649451/43649451_frames/lowres_wide/43649451_12739.355.png,ARKitScenes/3dod/Training/43649451/43649451_frames/lowres_depth/43649451_12739.355.png,rule,"{""a_concept"": ""fireplace"", ""a_depth_m"": 3.309999942779541, ""b_concept"": ""sofa"", ""b_depth_m"": 2.740000009536743, ""comparative"": ""farther"", ""answer_concept"": ""fireplace""}"
43649451/12739.355,43649451,lidar,unknown,train,relative_depth,farther,5,"Which one is farther, the refrigerator or the sofa?",,sofa,choice,refrigerator|sofa,ARKitScenes/3dod/Training/43649451/43649451_frames/lowres_wide/43649451_12739.355.png,ARKitScenes/3dod/Training/43649451/43649451_frames/lowres_depth/43649451_12739.355.png,rule,"{""a_concept"": ""refrigerator"", ""a_depth_m"": 2.0850000381469727, ""b_concept"": ""sofa"", ""b_depth_m"": 2.740000009536743, ""comparative"": ""farther"", ""answer_concept"": ""sofa""}"
43649451/12739.355,43649451,lidar,unknown,train,relative_depth,closer,2,Is the refrigerator or the chair closer to the camera?,,refrigerator,choice,refrigerator|chair,ARKitScenes/3dod/Training/43649451/43649451_frames/lowres_wide/43649451_12739.355.png,ARKitScenes/3dod/Training/43649451/43649451_frames/lowres_depth/43649451_12739.355.png,rule,"{""a_concept"": ""refrigerator"", ""a_depth_m"": 2.0850000381469727, ""b_concept"": ""chair"", ""b_depth_m"": 3.180999994277954, ""comparative"": ""closer"", ""answer_concept"": ""refrigerator""}"
43649451/12739.355,43649451,lidar,unknown,train,relative_depth,closer,3,"Which object is closer to the camera, the sofa or the chair?",,sofa,choice,sofa|chair,ARKitScenes/3dod/Training/43649451/43649451_frames/lowres_wide/43649451_12739.355.png,ARKitScenes/3dod/Training/43649451/43649451_frames/lowres_depth/43649451_12739.355.png,rule,"{""a_concept"": ""sofa"", ""a_depth_m"": 2.740000009536743, ""b_concept"": ""chair"", ""b_depth_m"": 3.180999994277954, ""comparative"": ""closer"", ""answer_concept"": ""sofa""}"
43896223/4949.913,43896223,lidar,unknown,train,relative_depth,closer,3,"Which object is closer to the camera, the bathtub or the toilet?",,bathtub,choice,bathtub|toilet,ARKitScenes/3dod/Training/43896223/43896223_frames/lowres_wide/43896223_4949.913.png,ARKitScenes/3dod/Training/43896223/43896223_frames/lowres_depth/43896223_4949.913.png,rule,"{""a_concept"": ""bathtub"", ""a_depth_m"": 1.3669999837875366, ""b_concept"": ""toilet"", ""b_depth_m"": 1.687999963760376, ""comparative"": ""closer"", ""answer_concept"": ""bathtub""}"
43896358/18604.020,43896358,lidar,unknown,train,relative_depth,farther,4,"Of the television and the sofa, which is farther?",,television,choice,television|sofa,ARKitScenes/3dod/Training/43896358/43896358_frames/lowres_wide/43896358_18604.020.png,ARKitScenes/3dod/Training/43896358/43896358_frames/lowres_depth/43896358_18604.020.png,rule,"{""a_concept"": ""sofa"", ""a_depth_m"": 1.343000054359436, ""b_concept"": ""television"", ""b_depth_m"": 2.515000104904175, ""comparative"": ""farther"", ""answer_concept"": ""television""}"
43896358/18604.020,43896358,lidar,unknown,train,relative_depth,closer,3,"Which object is closer to the camera, the sofa or the fireplace?",,sofa,choice,sofa|fireplace,ARKitScenes/3dod/Training/43896358/43896358_frames/lowres_wide/43896358_18604.020.png,ARKitScenes/3dod/Training/43896358/43896358_frames/lowres_depth/43896358_18604.020.png,rule,"{""a_concept"": ""sofa"", ""a_depth_m"": 1.343000054359436, ""b_concept"": ""fireplace"", ""b_depth_m"": 2.3959999084472656, ""comparative"": ""closer"", ""answer_concept"": ""sofa""}"
44358121/62467.507,44358121,lidar,unknown,train,relative_depth,farther,0,"Which is farther from the camera, the cabinet or the stool?",,stool,choice,cabinet|stool,ARKitScenes/3dod/Training/44358121/44358121_frames/lowres_wide/44358121_62467.507.png,ARKitScenes/3dod/Training/44358121/44358121_frames/lowres_depth/44358121_62467.507.png,rule,"{""a_concept"": ""cabinet"", ""a_depth_m"": 1.9149999618530273, ""b_concept"": ""stool"", ""b_depth_m"": 2.812000036239624, ""comparative"": ""farther"", ""answer_concept"": ""stool""}"
44358306/17452.243,44358306,lidar,unknown,train,relative_depth,closer,0,"Which is closer to the camera, the television or the fireplace?",,television,choice,television|fireplace,ARKitScenes/3dod/Training/44358306/44358306_frames/lowres_wide/44358306_17452.243.png,ARKitScenes/3dod/Training/44358306/44358306_frames/lowres_depth/44358306_17452.243.png,rule,"{""a_concept"": ""fireplace"", ""a_depth_m"": 2.7939999103546143, ""b_concept"": ""television"", ""b_depth_m"": 1.9620000123977661, ""comparative"": ""closer"", ""answer_concept"": ""television""}"
44358336/14287.724,44358336,lidar,unknown,train,relative_depth,closer,1,"Between the chair and the table, which one is closer to the camera?",,chair,choice,chair|table,ARKitScenes/3dod/Training/44358336/44358336_frames/lowres_wide/44358336_14287.724.png,ARKitScenes/3dod/Training/44358336/44358336_frames/lowres_depth/44358336_14287.724.png,rule,"{""a_concept"": ""chair"", ""a_depth_m"": 3.4650001525878906, ""b_concept"": ""table"", ""b_depth_m"": 4.581999778747559, ""comparative"": ""closer"", ""answer_concept"": ""chair""}"
44358442/42928.901,44358442,lidar,unknown,test,relative_depth,farther,4,"Of the shelf and the chair, which is farther?",,shelf,choice,shelf|chair,ARKitScenes/3dod/Validation/44358442/44358442_frames/lowres_wide/44358442_42928.901.png,ARKitScenes/3dod/Validation/44358442/44358442_frames/lowres_depth/44358442_42928.901.png,rule,"{""a_concept"": ""shelf"", ""a_depth_m"": 1.8739999532699585, ""b_concept"": ""chair"", ""b_depth_m"": 1.2940000295639038, ""comparative"": ""farther"", ""answer_concept"": ""shelf""}"
44796745/28672.896,44796745,lidar,unknown,train,relative_depth,farther,1,"Between the table and the stool, which one is farther from the camera?",,stool,choice,table|stool,ARKitScenes/3dod/Training/44796745/44796745_frames/lowres_wide/44796745_28672.896.png,ARKitScenes/3dod/Training/44796745/44796745_frames/lowres_depth/44796745_28672.896.png,rule,"{""a_concept"": ""stool"", ""a_depth_m"": 4.639999866485596, ""b_concept"": ""table"", ""b_depth_m"": 2.940999984741211, ""comparative"": ""farther"", ""answer_concept"": ""stool""}"
45260877/7356.378,45260877,lidar,unknown,train,relative_depth,closer,2,Is the chair or the shelf closer to the camera?,,chair,choice,chair|shelf,ARKitScenes/3dod/Training/45260877/45260877_frames/lowres_wide/45260877_7356.378.png,ARKitScenes/3dod/Training/45260877/45260877_frames/lowres_depth/45260877_7356.378.png,rule,"{""a_concept"": ""chair"", ""a_depth_m"": 1.4359999895095825, ""b_concept"": ""shelf"", ""b_depth_m"": 3.5840001106262207, ""comparative"": ""closer"", ""answer_concept"": ""chair""}"
45261061/14537.530,45261061,lidar,unknown,train,relative_depth,farther,2,Is the cabinet or the sofa farther from the camera?,,sofa,choice,cabinet|sofa,ARKitScenes/3dod/Training/45261061/45261061_frames/lowres_wide/45261061_14537.530.png,ARKitScenes/3dod/Training/45261061/45261061_frames/lowres_depth/45261061_14537.530.png,rule,"{""a_concept"": ""sofa"", ""a_depth_m"": 5.315999984741211, ""b_concept"": ""cabinet"", ""b_depth_m"": 4.595000267028809, ""comparative"": ""farther"", ""answer_concept"": ""sofa""}"
45261066/14471.123,45261066,lidar,unknown,train,relative_depth,farther,5,"Which one is farther, the sofa or the chair?",,chair,choice,sofa|chair,ARKitScenes/3dod/Training/45261066/45261066_frames/lowres_wide/45261066_14471.123.png,ARKitScenes/3dod/Training/45261066/45261066_frames/lowres_depth/45261066_14471.123.png,rule,"{""a_concept"": ""sofa"", ""a_depth_m"": 2.250999927520752, ""b_concept"": ""chair"", ""b_depth_m"": 3.1665000915527344, ""comparative"": ""farther"", ""answer_concept"": ""chair""}"
45261066/14506.626,45261066,lidar,unknown,train,relative_depth,closer,4,"Of the sofa and the cabinet, which is closer?",,sofa,choice,sofa|cabinet,ARKitScenes/3dod/Training/45261066/45261066_frames/lowres_wide/45261066_14506.626.png,ARKitScenes/3dod/Training/45261066/45261066_frames/lowres_depth/45261066_14506.626.png,rule,"{""a_concept"": ""sofa"", ""a_depth_m"": 3.7769999504089355, ""b_concept"": ""cabinet"", ""b_depth_m"": 4.714000225067139, ""comparative"": ""closer"", ""answer_concept"": ""sofa""}"
45261066/14506.626,45261066,lidar,unknown,train,relative_depth,farther,2,Is the fireplace or the cabinet farther from the camera?,,cabinet,choice,fireplace|cabinet,ARKitScenes/3dod/Training/45261066/45261066_frames/lowres_wide/45261066_14506.626.png,ARKitScenes/3dod/Training/45261066/45261066_frames/lowres_depth/45261066_14506.626.png,rule,"{""a_concept"": ""fireplace"", ""a_depth_m"": 3.4230000972747803, ""b_concept"": ""cabinet"", ""b_depth_m"": 4.714000225067139, ""comparative"": ""farther"", ""answer_concept"": ""cabinet""}"
45261066/14506.626,45261066,lidar,unknown,train,relative_depth,closer,2,Is the cabinet or the television closer to the camera?,,television,choice,cabinet|television,ARKitScenes/3dod/Training/45261066/45261066_frames/lowres_wide/45261066_14506.626.png,ARKitScenes/3dod/Training/45261066/45261066_frames/lowres_depth/45261066_14506.626.png,rule,"{""a_concept"": ""cabinet"", ""a_depth_m"": 4.714000225067139, ""b_concept"": ""television"", ""b_depth_m"": 3.8369998931884766, ""comparative"": ""closer"", ""answer_concept"": ""television""}"
45261329/24139.855,45261329,lidar,unknown,train,relative_depth,closer,1,"Between the bathtub and the toilet, which one is closer to the camera?",,toilet,choice,bathtub|toilet,ARKitScenes/3dod/Training/45261329/45261329_frames/lowres_wide/45261329_24139.855.png,ARKitScenes/3dod/Training/45261329/45261329_frames/lowres_depth/45261329_24139.855.png,rule,"{""a_concept"": ""bathtub"", ""a_depth_m"": 1.909000039100647, ""b_concept"": ""toilet"", ""b_depth_m"": 0.9430000185966492, ""comparative"": ""closer"", ""answer_concept"": ""toilet""}"
45261509/43509.468,45261509,lidar,unknown,train,relative_depth,closer,5,"Which one is closer, the refrigerator or the table?",,refrigerator,choice,refrigerator|table,ARKitScenes/3dod/Training/45261509/45261509_frames/lowres_wide/45261509_43509.468.png,ARKitScenes/3dod/Training/45261509/45261509_frames/lowres_depth/45261509_43509.468.png,rule,"{""a_concept"": ""table"", ""a_depth_m"": 5.335000038146973, ""b_concept"": ""refrigerator"", ""b_depth_m"": 4.127999782562256, ""comparative"": ""closer"", ""answer_concept"": ""refrigerator""}"
45662851/12194.754,45662851,lidar,unknown,train,relative_depth,farther,2,Is the sofa or the table farther from the camera?,,sofa,choice,sofa|table,ARKitScenes/3dod/Training/45662851/45662851_frames/lowres_wide/45662851_12194.754.png,ARKitScenes/3dod/Training/45662851/45662851_frames/lowres_depth/45662851_12194.754.png,rule,"{""a_concept"": ""table"", ""a_depth_m"": 1.7699999809265137, ""b_concept"": ""sofa"", ""b_depth_m"": 2.1070001125335693, ""comparative"": ""farther"", ""answer_concept"": ""sofa""}"
45662851/12194.754,45662851,lidar,unknown,train,relative_depth,closer,5,"Which one is closer, the cabinet or the table?",,table,choice,cabinet|table,ARKitScenes/3dod/Training/45662851/45662851_frames/lowres_wide/45662851_12194.754.png,ARKitScenes/3dod/Training/45662851/45662851_frames/lowres_depth/45662851_12194.754.png,rule,"{""a_concept"": ""table"", ""a_depth_m"": 1.7699999809265137, ""b_concept"": ""cabinet"", ""b_depth_m"": 2.5230000019073486, ""comparative"": ""closer"", ""answer_concept"": ""table""}"
45662851/12194.754,45662851,lidar,unknown,train,relative_depth,closer,3,"Which object is closer to the camera, the sofa or the cabinet?",,sofa,choice,sofa|cabinet,ARKitScenes/3dod/Training/45662851/45662851_frames/lowres_wide/45662851_12194.754.png,ARKitScenes/3dod/Training/45662851/45662851_frames/lowres_depth/45662851_12194.754.png,rule,"{""a_concept"": ""sofa"", ""a_depth_m"": 2.1070001125335693, ""b_concept"": ""cabinet"", ""b_depth_m"": 2.5230000019073486, ""comparative"": ""closer"", ""answer_concept"": ""sofa""}"
47115361/856.687,47115361,lidar,unknown,train,relative_depth,farther,4,"Of the chair and the sofa, which is farther?",,chair,choice,chair|sofa,ARKitScenes/3dod/Training/47115361/47115361_frames/lowres_wide/47115361_856.687.png,ARKitScenes/3dod/Training/47115361/47115361_frames/lowres_depth/47115361_856.687.png,rule,"{""a_concept"": ""sofa"", ""a_depth_m"": 2.236999988555908, ""b_concept"": ""chair"", ""b_depth_m"": 11.288999557495117, ""comparative"": ""farther"", ""answer_concept"": ""chair""}"
47204350/15532.551,47204350,lidar,unknown,train,relative_depth,farther,2,Is the table or the cabinet farther from the camera?,,table,choice,table|cabinet,ARKitScenes/3dod/Training/47204350/47204350_frames/lowres_wide/47204350_15532.551.png,ARKitScenes/3dod/Training/47204350/47204350_frames/lowres_depth/47204350_15532.551.png,rule,"{""a_concept"": ""table"", ""a_depth_m"": 5.656000137329102, ""b_concept"": ""cabinet"", ""b_depth_m"": 3.0950000286102295, ""comparative"": ""farther"", ""answer_concept"": ""table""}"
47204350/15532.551,47204350,lidar,unknown,train,relative_depth,farther,1,"Between the table and the stove, which one is farther from the camera?",,table,choice,table|stove,ARKitScenes/3dod/Training/47204350/47204350_frames/lowres_wide/47204350_15532.551.png,ARKitScenes/3dod/Training/47204350/47204350_frames/lowres_depth/47204350_15532.551.png,rule,"{""a_concept"": ""table"", ""a_depth_m"": 5.656000137329102, ""b_concept"": ""stove"", ""b_depth_m"": 3.510999917984009, ""comparative"": ""farther"", ""answer_concept"": ""table""}"
47204350/15540.847,47204350,lidar,unknown,train,relative_depth,closer,1,"Between the sofa and the sink, which one is closer to the camera?",,sink,choice,sofa|sink,ARKitScenes/3dod/Training/47204350/47204350_frames/lowres_wide/47204350_15540.847.png,ARKitScenes/3dod/Training/47204350/47204350_frames/lowres_depth/47204350_15540.847.png,rule,"{""a_concept"": ""sofa"", ""a_depth_m"": 6.956999778747559, ""b_concept"": ""sink"", ""b_depth_m"": 2.0869998931884766, ""comparative"": ""closer"", ""answer_concept"": ""sink""}"
47331002/178671.845,47331002,lidar,unknown,train,relative_depth,farther,3,"Which object is farther from the camera, the table or the bed?",,bed,choice,table|bed,ARKitScenes/3dod/Training/47331002/47331002_frames/lowres_wide/47331002_178671.845.png,ARKitScenes/3dod/Training/47331002/47331002_frames/lowres_depth/47331002_178671.845.png,rule,"{""a_concept"": ""bed"", ""a_depth_m"": 2.1559998989105225, ""b_concept"": ""table"", ""b_depth_m"": 1.8370000123977661, ""comparative"": ""farther"", ""answer_concept"": ""bed""}"
47331292/14616.459,47331292,lidar,unknown,train,relative_depth,closer,4,"Of the chair and the bed, which is closer?",,chair,choice,chair|bed,ARKitScenes/3dod/Training/47331292/47331292_frames/lowres_wide/47331292_14616.459.png,ARKitScenes/3dod/Training/47331292/47331292_frames/lowres_depth/47331292_14616.459.png,rule,"{""a_concept"": ""bed"", ""a_depth_m"": 2.125999927520752, ""b_concept"": ""chair"", ""b_depth_m"": 1.2920000553131104, ""comparative"": ""closer"", ""answer_concept"": ""chair""}"
47331527/191796.013,47331527,lidar,unknown,train,relative_depth,closer,1,"Between the cabinet and the bathtub, which one is closer to the camera?",,cabinet,choice,cabinet|bathtub,ARKitScenes/3dod/Training/47331527/47331527_frames/lowres_wide/47331527_191796.013.png,ARKitScenes/3dod/Training/47331527/47331527_frames/lowres_depth/47331527_191796.013.png,rule,"{""a_concept"": ""bathtub"", ""a_depth_m"": 1.2869999408721924, ""b_concept"": ""cabinet"", ""b_depth_m"": 0.9190000295639038, ""comparative"": ""closer"", ""answer_concept"": ""cabinet""}"
47331819/228756.760,47331819,lidar,unknown,train,relative_depth,farther,3,"Which object is farther from the camera, the toilet or the washer?",,toilet,choice,toilet|washer,ARKitScenes/3dod/Training/47331819/47331819_frames/lowres_wide/47331819_228756.760.png,ARKitScenes/3dod/Training/47331819/47331819_frames/lowres_depth/47331819_228756.760.png,rule,"{""a_concept"": ""washer"", ""a_depth_m"": 1.0880000591278076, ""b_concept"": ""toilet"", ""b_depth_m"": 2.0789999961853027, ""comparative"": ""farther"", ""answer_concept"": ""toilet""}"
47331891/623234.547,47331891,lidar,unknown,train,relative_depth,closer,5,"Which one is closer, the table or the shelf?",,table,choice,table|shelf,ARKitScenes/3dod/Training/47331891/47331891_frames/lowres_wide/47331891_623234.547.png,ARKitScenes/3dod/Training/47331891/47331891_frames/lowres_depth/47331891_623234.547.png,rule,"{""a_concept"": ""table"", ""a_depth_m"": 1.5980000495910645, ""b_concept"": ""shelf"", ""b_depth_m"": 2.0329999923706055, ""comparative"": ""closer"", ""answer_concept"": ""table""}"
47331891/623234.547,47331891,lidar,unknown,train,relative_depth,farther,4,"Of the chair and the shelf, which is farther?",,shelf,choice,chair|shelf,ARKitScenes/3dod/Training/47331891/47331891_frames/lowres_wide/47331891_623234.547.png,ARKitScenes/3dod/Training/47331891/47331891_frames/lowres_depth/47331891_623234.547.png,rule,"{""a_concept"": ""chair"", ""a_depth_m"": 1.6640000343322754, ""b_concept"": ""shelf"", ""b_depth_m"": 2.0329999923706055, ""comparative"": ""farther"", ""answer_concept"": ""shelf""}"
47331934/163520.105,47331934,lidar,unknown,train,relative_depth,closer,2,Is the sofa or the table closer to the camera?,,table,choice,sofa|table,ARKitScenes/3dod/Training/47331934/47331934_frames/lowres_wide/47331934_163520.105.png,ARKitScenes/3dod/Training/47331934/47331934_frames/lowres_depth/47331934_163520.105.png,rule,"{""a_concept"": ""sofa"", ""a_depth_m"": 2.9189999103546143, ""b_concept"": ""table"", ""b_depth_m"": 2.4719998836517334, ""comparative"": ""closer"", ""answer_concept"": ""table""}"
47332015/200871.563,47332015,lidar,unknown,val,relative_depth,closer,3,"Which object is closer to the camera, the cabinet or the sink?",,sink,choice,cabinet|sink,ARKitScenes/3dod/Training/47332015/47332015_frames/lowres_wide/47332015_200871.563.png,ARKitScenes/3dod/Training/47332015/47332015_frames/lowres_depth/47332015_200871.563.png,rule,"{""a_concept"": ""cabinet"", ""a_depth_m"": 1.2690000534057617, ""b_concept"": ""sink"", ""b_depth_m"": 0.7279999852180481, ""comparative"": ""closer"", ""answer_concept"": ""sink""}"
47332015/200871.563,47332015,lidar,unknown,val,relative_depth,closer,3,"Which object is closer to the camera, the washer or the sink?",,sink,choice,washer|sink,ARKitScenes/3dod/Training/47332015/47332015_frames/lowres_wide/47332015_200871.563.png,ARKitScenes/3dod/Training/47332015/47332015_frames/lowres_depth/47332015_200871.563.png,rule,"{""a_concept"": ""sink"", ""a_depth_m"": 0.7279999852180481, ""b_concept"": ""washer"", ""b_depth_m"": 1.1419999599456787, ""comparative"": ""closer"", ""answer_concept"": ""sink""}"
47332025/202629.921,47332025,lidar,unknown,train,relative_depth,closer,2,Is the chair or the stool closer to the camera?,,chair,choice,chair|stool,ARKitScenes/3dod/Training/47332025/47332025_frames/lowres_wide/47332025_202629.921.png,ARKitScenes/3dod/Training/47332025/47332025_frames/lowres_depth/47332025_202629.921.png,rule,"{""a_concept"": ""stool"", ""a_depth_m"": 11.456500053405762, ""b_concept"": ""chair"", ""b_depth_m"": 1.2195000648498535, ""comparative"": ""closer"", ""answer_concept"": ""chair""}"
47332232/755603.552,47332232,lidar,unknown,train,relative_depth,closer,1,"Between the sink and the cabinet, which one is closer to the camera?",,sink,choice,sink|cabinet,ARKitScenes/3dod/Training/47332232/47332232_frames/lowres_wide/47332232_755603.552.png,ARKitScenes/3dod/Training/47332232/47332232_frames/lowres_depth/47332232_755603.552.png,rule,"{""a_concept"": ""cabinet"", ""a_depth_m"": 2.7330000400543213, ""b_concept"": ""sink"", ""b_depth_m"": 2.3429999351501465, ""comparative"": ""closer"", ""answer_concept"": ""sink""}"
47332326/810194.980,47332326,lidar,unknown,train,relative_depth,closer,3,"Which object is closer to the camera, the cabinet or the bathtub?",,cabinet,choice,cabinet|bathtub,ARKitScenes/3dod/Training/47332326/47332326_frames/lowres_wide/47332326_810194.980.png,ARKitScenes/3dod/Training/47332326/47332326_frames/lowres_depth/47332326_810194.980.png,rule,"{""a_concept"": ""cabinet"", ""a_depth_m"": 0.8550000190734863, ""b_concept"": ""bathtub"", ""b_depth_m"": 1.4620000123977661, ""comparative"": ""closer"", ""answer_concept"": ""cabinet""}"
47332648/369057.809,47332648,lidar,unknown,train,relative_depth,farther,1,"Between the sofa and the shelf, which one is farther from the camera?",,shelf,choice,sofa|shelf,ARKitScenes/3dod/Training/47332648/47332648_frames/lowres_wide/47332648_369057.809.png,ARKitScenes/3dod/Training/47332648/47332648_frames/lowres_depth/47332648_369057.809.png,rule,"{""a_concept"": ""sofa"", ""a_depth_m"": 1.1920000314712524, ""b_concept"": ""shelf"", ""b_depth_m"": 1.61899995803833, ""comparative"": ""farther"", ""answer_concept"": ""shelf""}"
47333053/60071.512,47333053,lidar,unknown,train,relative_depth,farther,0,"Which is farther from the camera, the bed or the cabinet?",,bed,choice,bed|cabinet,ARKitScenes/3dod/Training/47333053/47333053_frames/lowres_wide/47333053_60071.512.png,ARKitScenes/3dod/Training/47333053/47333053_frames/lowres_depth/47333053_60071.512.png,rule,"{""a_concept"": ""cabinet"", ""a_depth_m"": 2.9739999771118164, ""b_concept"": ""bed"", ""b_depth_m"": 3.4549999237060547, ""comparative"": ""farther"", ""answer_concept"": ""bed""}"
47333457/54940.711,47333457,lidar,unknown,test,relative_depth,closer,1,"Between the chair and the sink, which one is closer to the camera?",,sink,choice,chair|sink,ARKitScenes/3dod/Validation/47333457/47333457_frames/lowres_wide/47333457_54940.711.png,ARKitScenes/3dod/Validation/47333457/47333457_frames/lowres_depth/47333457_54940.711.png,rule,"{""a_concept"": ""sink"", ""a_depth_m"": 0.7120000123977661, ""b_concept"": ""chair"", ""b_depth_m"": 2.7709999084472656, ""comparative"": ""closer"", ""answer_concept"": ""sink""}"
47333457/54940.711,47333457,lidar,unknown,test,relative_depth,closer,5,"Which one is closer, the stool or the sink?",,sink,choice,stool|sink,ARKitScenes/3dod/Validation/47333457/47333457_frames/lowres_wide/47333457_54940.711.png,ARKitScenes/3dod/Validation/47333457/47333457_frames/lowres_depth/47333457_54940.711.png,rule,"{""a_concept"": ""sink"", ""a_depth_m"": 0.7120000123977661, ""b_concept"": ""stool"", ""b_depth_m"": 2.2750000953674316, ""comparative"": ""closer"", ""answer_concept"": ""sink""}"
47333457/54940.711,47333457,lidar,unknown,test,relative_depth,farther,2,Is the cabinet or the chair farther from the camera?,,chair,choice,cabinet|chair,ARKitScenes/3dod/Validation/47333457/47333457_frames/lowres_wide/47333457_54940.711.png,ARKitScenes/3dod/Validation/47333457/47333457_frames/lowres_depth/47333457_54940.711.png,rule,"{""a_concept"": ""cabinet"", ""a_depth_m"": 1.0089999437332153, ""b_concept"": ""chair"", ""b_depth_m"": 2.7709999084472656, ""comparative"": ""farther"", ""answer_concept"": ""chair""}"
47333457/54940.711,47333457,lidar,unknown,test,relative_depth,closer,4,"Of the cabinet and the stool, which is closer?",,cabinet,choice,cabinet|stool,ARKitScenes/3dod/Validation/47333457/47333457_frames/lowres_wide/47333457_54940.711.png,ARKitScenes/3dod/Validation/47333457/47333457_frames/lowres_depth/47333457_54940.711.png,rule,"{""a_concept"": ""cabinet"", ""a_depth_m"": 1.0089999437332153, ""b_concept"": ""stool"", ""b_depth_m"": 2.2750000953674316, ""comparative"": ""closer"", ""answer_concept"": ""cabinet""}"
47333457/54940.711,47333457,lidar,unknown,test,relative_depth,closer,5,"Which one is closer, the chair or the stool?",,stool,choice,chair|stool,ARKitScenes/3dod/Validation/47333457/47333457_frames/lowres_wide/47333457_54940.711.png,ARKitScenes/3dod/Validation/47333457/47333457_frames/lowres_depth/47333457_54940.711.png,rule,"{""a_concept"": ""chair"", ""a_depth_m"": 2.7709999084472656, ""b_concept"": ""stool"", ""b_depth_m"": 2.2750000953674316, ""comparative"": ""closer"", ""answer_concept"": ""stool""}"
47333493/62618.020,47333493,lidar,unknown,train,relative_depth,farther,0,"Which is farther from the camera, the table or the sofa?",,sofa,choice,table|sofa,ARKitScenes/3dod/Training/47333493/47333493_frames/lowres_wide/47333493_62618.020.png,ARKitScenes/3dod/Training/47333493/47333493_frames/lowres_depth/47333493_62618.020.png,rule,"{""a_concept"": ""sofa"", ""a_depth_m"": 4.565999984741211, ""b_concept"": ""table"", ""b_depth_m"": 2.3610000610351562, ""comparative"": ""farther"", ""answer_concept"": ""sofa""}"
47333771/58102.770,47333771,lidar,unknown,train,relative_depth,closer,5,"Which one is closer, the sofa or the cabinet?",,sofa,choice,sofa|cabinet,ARKitScenes/3dod/Training/47333771/47333771_frames/lowres_wide/47333771_58102.770.png,ARKitScenes/3dod/Training/47333771/47333771_frames/lowres_depth/47333771_58102.770.png,rule,"{""a_concept"": ""sofa"", ""a_depth_m"": 1.5679999589920044, ""b_concept"": ""cabinet"", ""b_depth_m"": 1.8700000047683716, ""comparative"": ""closer"", ""answer_concept"": ""sofa""}"
47334655/389716.268,47334655,lidar,unknown,val,relative_depth,farther,3,"Which object is farther from the camera, the bathtub or the washer?",,washer,choice,bathtub|washer,ARKitScenes/3dod/Training/47334655/47334655_frames/lowres_wide/47334655_389716.268.png,ARKitScenes/3dod/Training/47334655/47334655_frames/lowres_depth/47334655_389716.268.png,rule,"{""a_concept"": ""bathtub"", ""a_depth_m"": 0.6470000147819519, ""b_concept"": ""washer"", ""b_depth_m"": 1.1629999876022339, ""comparative"": ""farther"", ""answer_concept"": ""washer""}"
47334655/389716.268,47334655,lidar,unknown,val,relative_depth,farther,1,"Between the bathtub and the toilet, which one is farther from the camera?",,toilet,choice,bathtub|toilet,ARKitScenes/3dod/Training/47334655/47334655_frames/lowres_wide/47334655_389716.268.png,ARKitScenes/3dod/Training/47334655/47334655_frames/lowres_depth/47334655_389716.268.png,rule,"{""a_concept"": ""bathtub"", ""a_depth_m"": 0.6470000147819519, ""b_concept"": ""toilet"", ""b_depth_m"": 1.1160000562667847, ""comparative"": ""farther"", ""answer_concept"": ""toilet""}"
47334655/389716.268,47334655,lidar,unknown,val,relative_depth,closer,4,"Of the cabinet and the bathtub, which is closer?",,bathtub,choice,cabinet|bathtub,ARKitScenes/3dod/Training/47334655/47334655_frames/lowres_wide/47334655_389716.268.png,ARKitScenes/3dod/Training/47334655/47334655_frames/lowres_depth/47334655_389716.268.png,rule,"{""a_concept"": ""bathtub"", ""a_depth_m"": 0.6470000147819519, ""b_concept"": ""cabinet"", ""b_depth_m"": 1.121000051498413, ""comparative"": ""closer"", ""answer_concept"": ""bathtub""}"
47334760/421807.756,47334760,lidar,unknown,train,relative_depth,farther,5,"Which one is farther, the bed or the cabinet?",,cabinet,choice,bed|cabinet,ARKitScenes/3dod/Training/47334760/47334760_frames/lowres_wide/47334760_421807.756.png,ARKitScenes/3dod/Training/47334760/47334760_frames/lowres_depth/47334760_421807.756.png,rule,"{""a_concept"": ""bed"", ""a_depth_m"": 2.2160000801086426, ""b_concept"": ""cabinet"", ""b_depth_m"": 3.062000036239624, ""comparative"": ""farther"", ""answer_concept"": ""cabinet""}"
47334938/663119.104,47334938,lidar,unknown,train,relative_depth,closer,5,"Which one is closer, the table or the television?",,table,choice,table|television,ARKitScenes/3dod/Training/47334938/47334938_frames/lowres_wide/47334938_663119.104.png,ARKitScenes/3dod/Training/47334938/47334938_frames/lowres_depth/47334938_663119.104.png,rule,"{""a_concept"": ""television"", ""a_depth_m"": 3.2709999084472656, ""b_concept"": ""table"", ""b_depth_m"": 2.319999933242798, ""comparative"": ""closer"", ""answer_concept"": ""table""}"
47334938/663119.104,47334938,lidar,unknown,train,relative_depth,closer,1,"Between the table and the sofa, which one is closer to the camera?",,table,choice,table|sofa,ARKitScenes/3dod/Training/47334938/47334938_frames/lowres_wide/47334938_663119.104.png,ARKitScenes/3dod/Training/47334938/47334938_frames/lowres_depth/47334938_663119.104.png,rule,"{""a_concept"": ""sofa"", ""a_depth_m"": 3.0889999866485596, ""b_concept"": ""table"", ""b_depth_m"": 2.319999933242798, ""comparative"": ""closer"", ""answer_concept"": ""table""}"
47429883/367971.651,47429883,lidar,unknown,train,relative_depth,farther,5,"Which one is farther, the sofa or the table?",,table,choice,sofa|table,ARKitScenes/3dod/Training/47429883/47429883_frames/lowres_wide/47429883_367971.651.png,ARKitScenes/3dod/Training/47429883/47429883_frames/lowres_depth/47429883_367971.651.png,rule,"{""a_concept"": ""sofa"", ""a_depth_m"": 2.015000104904175, ""b_concept"": ""table"", ""b_depth_m"": 3.1700000762939453, ""comparative"": ""farther"", ""answer_concept"": ""table""}"
47430213/688617.773,47430213,lidar,unknown,train,relative_depth,farther,2,Is the table or the chair farther from the camera?,,chair,choice,table|chair,ARKitScenes/3dod/Training/47430213/47430213_frames/lowres_wide/47430213_688617.773.png,ARKitScenes/3dod/Training/47430213/47430213_frames/lowres_depth/47430213_688617.773.png,rule,"{""a_concept"": ""table"", ""a_depth_m"": 0.9470000267028809, ""b_concept"": ""chair"", ""b_depth_m"": 1.343000054359436, ""comparative"": ""farther"", ""answer_concept"": ""chair""}"
47430248/182365.403,47430248,lidar,unknown,train,relative_depth,closer,5,"Which one is closer, the chair or the television?",,television,choice,chair|television,ARKitScenes/3dod/Training/47430248/47430248_frames/lowres_wide/47430248_182365.403.png,ARKitScenes/3dod/Training/47430248/47430248_frames/lowres_depth/47430248_182365.403.png,rule,"{""a_concept"": ""television"", ""a_depth_m"": 3.049999952316284, ""b_concept"": ""chair"", ""b_depth_m"": 3.756999969482422, ""comparative"": ""closer"", ""answer_concept"": ""television""}"
47430689/326901.336,47430689,lidar,unknown,train,relative_depth,farther,1,"Between the cabinet and the table, which one is farther from the camera?",,table,choice,cabinet|table,ARKitScenes/3dod/Training/47430689/47430689_frames/lowres_wide/47430689_326901.336.png,ARKitScenes/3dod/Training/47430689/47430689_frames/lowres_depth/47430689_326901.336.png,rule,"{""a_concept"": ""cabinet"", ""a_depth_m"": 1.274999976158142, ""b_concept"": ""table"", ""b_depth_m"": 3.0460000038146973, ""comparative"": ""farther"", ""answer_concept"": ""table""}"
47430862/74310.313,47430862,lidar,unknown,train,relative_depth,farther,0,"Which is farther from the camera, the cabinet or the bed?",,bed,choice,cabinet|bed,ARKitScenes/3dod/Training/47430862/47430862_frames/lowres_wide/47430862_74310.313.png,ARKitScenes/3dod/Training/47430862/47430862_frames/lowres_depth/47430862_74310.313.png,rule,"{""a_concept"": ""bed"", ""a_depth_m"": 1.8960000276565552, ""b_concept"": ""cabinet"", ""b_depth_m"": 1.5199999809265137, ""comparative"": ""farther"", ""answer_concept"": ""bed""}"
47669851/12487.665,47669851,lidar,unknown,val,relative_depth,closer,2,Is the refrigerator or the fireplace closer to the camera?,,refrigerator,choice,refrigerator|fireplace,ARKitScenes/3dod/Training/47669851/47669851_frames/lowres_wide/47669851_12487.665.png,ARKitScenes/3dod/Training/47669851/47669851_frames/lowres_depth/47669851_12487.665.png,rule,"{""a_concept"": ""refrigerator"", ""a_depth_m"": 2.559999942779541, ""b_concept"": ""fireplace"", ""b_depth_m"": 3.9679999351501465, ""comparative"": ""closer"", ""answer_concept"": ""refrigerator""}"
47670116/41758.108,47670116,lidar,unknown,val,relative_depth,farther,3,"Which object is farther from the camera, the chair or the table?",,table,choice,chair|table,ARKitScenes/3dod/Training/47670116/47670116_frames/lowres_wide/47670116_41758.108.png,ARKitScenes/3dod/Training/47670116/47670116_frames/lowres_depth/47670116_41758.108.png,rule,"{""a_concept"": ""table"", ""a_depth_m"": 3.5190000534057617, ""b_concept"": ""chair"", ""b_depth_m"": 1.5190000534057617, ""comparative"": ""farther"", ""answer_concept"": ""table""}"
47670116/41758.108,47670116,lidar,unknown,val,relative_depth,farther,0,"Which is farther from the camera, the cabinet or the chair?",,cabinet,choice,cabinet|chair,ARKitScenes/3dod/Training/47670116/47670116_frames/lowres_wide/47670116_41758.108.png,ARKitScenes/3dod/Training/47670116/47670116_frames/lowres_depth/47670116_41758.108.png,rule,"{""a_concept"": ""cabinet"", ""a_depth_m"": 3.938999891281128, ""b_concept"": ""chair"", ""b_depth_m"": 1.5190000534057617, ""comparative"": ""farther"", ""answer_concept"": ""cabinet""}"
47670124/41662.298,47670124,lidar,unknown,train,relative_depth,closer,5,"Which one is closer, the cabinet or the sofa?",,sofa,choice,cabinet|sofa,ARKitScenes/3dod/Training/47670124/47670124_frames/lowres_wide/47670124_41662.298.png,ARKitScenes/3dod/Training/47670124/47670124_frames/lowres_depth/47670124_41662.298.png,rule,"{""a_concept"": ""sofa"", ""a_depth_m"": 3.3610000610351562, ""b_concept"": ""cabinet"", ""b_depth_m"": 4.605000019073486, ""comparative"": ""closer"", ""answer_concept"": ""sofa""}"
47670124/41662.298,47670124,lidar,unknown,train,relative_depth,closer,1,"Between the table and the sofa, which one is closer to the camera?",,sofa,choice,table|sofa,ARKitScenes/3dod/Training/47670124/47670124_frames/lowres_wide/47670124_41662.298.png,ARKitScenes/3dod/Training/47670124/47670124_frames/lowres_depth/47670124_41662.298.png,rule,"{""a_concept"": ""sofa"", ""a_depth_m"": 3.3610000610351562, ""b_concept"": ""table"", ""b_depth_m"": 4.659999847412109, ""comparative"": ""closer"", ""answer_concept"": ""sofa""}"
47670158/40742.556,47670158,lidar,unknown,train,relative_depth,closer,4,"Of the sink and the fireplace, which is closer?",,fireplace,choice,sink|fireplace,ARKitScenes/3dod/Training/47670158/47670158_frames/lowres_wide/47670158_40742.556.png,ARKitScenes/3dod/Training/47670158/47670158_frames/lowres_depth/47670158_40742.556.png,rule,"{""a_concept"": ""fireplace"", ""a_depth_m"": 2.0789999961853027, ""b_concept"": ""sink"", ""b_depth_m"": 6.10099983215332, ""comparative"": ""closer"", ""answer_concept"": ""fireplace""}"
47670158/40742.556,47670158,lidar,unknown,train,relative_depth,closer,4,"Of the cabinet and the fireplace, which is closer?",,fireplace,choice,cabinet|fireplace,ARKitScenes/3dod/Training/47670158/47670158_frames/lowres_wide/47670158_40742.556.png,ARKitScenes/3dod/Training/47670158/47670158_frames/lowres_depth/47670158_40742.556.png,rule,"{""a_concept"": ""fireplace"", ""a_depth_m"": 2.0789999961853027, ""b_concept"": ""cabinet"", ""b_depth_m"": 3.0869998931884766, ""comparative"": ""closer"", ""answer_concept"": ""fireplace""}"
47670158/40742.556,47670158,lidar,unknown,train,relative_depth,farther,4,"Of the sink and the cabinet, which is farther?",,sink,choice,sink|cabinet,ARKitScenes/3dod/Training/47670158/47670158_frames/lowres_wide/47670158_40742.556.png,ARKitScenes/3dod/Training/47670158/47670158_frames/lowres_depth/47670158_40742.556.png,rule,"{""a_concept"": ""sink"", ""a_depth_m"": 6.10099983215332, ""b_concept"": ""cabinet"", ""b_depth_m"": 3.0869998931884766, ""comparative"": ""farther"", ""answer_concept"": ""sink""}"
47670158/40742.556,47670158,lidar,unknown,train,relative_depth,farther,5,"Which one is farther, the sink or the stool?",,sink,choice,sink|stool,ARKitScenes/3dod/Training/47670158/47670158_frames/lowres_wide/47670158_40742.556.png,ARKitScenes/3dod/Training/47670158/47670158_frames/lowres_depth/47670158_40742.556.png,rule,"{""a_concept"": ""sink"", ""a_depth_m"": 6.10099983215332, ""b_concept"": ""stool"", ""b_depth_m"": 2.1540000438690186, ""comparative"": ""farther"", ""answer_concept"": ""sink""}"
47670158/40742.556,47670158,lidar,unknown,train,relative_depth,closer,0,"Which is closer to the camera, the stool or the cabinet?",,stool,choice,stool|cabinet,ARKitScenes/3dod/Training/47670158/47670158_frames/lowres_wide/47670158_40742.556.png,ARKitScenes/3dod/Training/47670158/47670158_frames/lowres_depth/47670158_40742.556.png,rule,"{""a_concept"": ""cabinet"", ""a_depth_m"": 3.0869998931884766, ""b_concept"": ""stool"", ""b_depth_m"": 2.1540000438690186, ""comparative"": ""closer"", ""answer_concept"": ""stool""}"
47895542/455860.512,47895542,lidar,unknown,test,relative_depth,closer,0,"Which is closer to the camera, the table or the chair?",,table,choice,table|chair,ARKitScenes/3dod/Validation/47895542/47895542_frames/lowres_wide/47895542_455860.512.png,ARKitScenes/3dod/Validation/47895542/47895542_frames/lowres_depth/47895542_455860.512.png,rule,"{""a_concept"": ""table"", ""a_depth_m"": 0.7749999761581421, ""b_concept"": ""chair"", ""b_depth_m"": 1.159999966621399, ""comparative"": ""closer"", ""answer_concept"": ""table""}"
48018079/103491.145,48018079,lidar,unknown,val,relative_depth,closer,3,"Which object is closer to the camera, the cabinet or the bed?",,cabinet,choice,cabinet|bed,ARKitScenes/3dod/Training/48018079/48018079_frames/lowres_wide/48018079_103491.145.png,ARKitScenes/3dod/Training/48018079/48018079_frames/lowres_depth/48018079_103491.145.png,rule,"{""a_concept"": ""bed"", ""a_depth_m"": 1.8320000171661377, ""b_concept"": ""cabinet"", ""b_depth_m"": 0.8960000276565552, ""comparative"": ""closer"", ""answer_concept"": ""cabinet""}"
48018127/369174.470,48018127,lidar,unknown,train,relative_depth,closer,2,Is the sofa or the cabinet closer to the camera?,,sofa,choice,sofa|cabinet,ARKitScenes/3dod/Training/48018127/48018127_frames/lowres_wide/48018127_369174.470.png,ARKitScenes/3dod/Training/48018127/48018127_frames/lowres_depth/48018127_369174.470.png,rule,"{""a_concept"": ""sofa"", ""a_depth_m"": 2.009000062942505, ""b_concept"": ""cabinet"", ""b_depth_m"": 2.367000102996826, ""comparative"": ""closer"", ""answer_concept"": ""sofa""}"
48018252/470184.026,48018252,lidar,unknown,train,relative_depth,farther,4,"Of the toilet and the cabinet, which is farther?",,toilet,choice,toilet|cabinet,ARKitScenes/3dod/Training/48018252/48018252_frames/lowres_wide/48018252_470184.026.png,ARKitScenes/3dod/Training/48018252/48018252_frames/lowres_depth/48018252_470184.026.png,rule,"{""a_concept"": ""cabinet"", ""a_depth_m"": 0.6200000047683716, ""b_concept"": ""toilet"", ""b_depth_m"": 0.9620000123977661, ""comparative"": ""farther"", ""answer_concept"": ""toilet""}"
48018252/470188.524,48018252,lidar,unknown,train,relative_depth,closer,0,"Which is closer to the camera, the cabinet or the washer?",,washer,choice,cabinet|washer,ARKitScenes/3dod/Training/48018252/48018252_frames/lowres_wide/48018252_470188.524.png,ARKitScenes/3dod/Training/48018252/48018252_frames/lowres_depth/48018252_470188.524.png,rule,"{""a_concept"": ""cabinet"", ""a_depth_m"": 2.430999994277954, ""b_concept"": ""washer"", ""b_depth_m"": 0.9789999723434448, ""comparative"": ""closer"", ""answer_concept"": ""washer""}"
48018286/799422.439,48018286,lidar,unknown,train,relative_depth,closer,0,"Which is closer to the camera, the sofa or the table?",,table,choice,sofa|table,ARKitScenes/3dod/Training/48018286/48018286_frames/lowres_wide/48018286_799422.439.png,ARKitScenes/3dod/Training/48018286/48018286_frames/lowres_depth/48018286_799422.439.png,rule,"{""a_concept"": ""sofa"", ""a_depth_m"": 3.9509999752044678, ""b_concept"": ""table"", ""b_depth_m"": 2.6089999675750732, ""comparative"": ""closer"", ""answer_concept"": ""table""}"
48018559/3346.948,48018559,lidar,unknown,test,relative_depth,closer,5,"Which one is closer, the cabinet or the oven?",,oven,choice,cabinet|oven,ARKitScenes/3dod/Validation/48018559/48018559_frames/lowres_wide/48018559_3346.948.png,ARKitScenes/3dod/Validation/48018559/48018559_frames/lowres_depth/48018559_3346.948.png,rule,"{""a_concept"": ""cabinet"", ""a_depth_m"": 2.8369998931884766, ""b_concept"": ""oven"", ""b_depth_m"": 2.25, ""comparative"": ""closer"", ""answer_concept"": ""oven""}"
48018559/3346.948,48018559,lidar,unknown,test,relative_depth,closer,2,Is the cabinet or the stove closer to the camera?,,stove,choice,cabinet|stove,ARKitScenes/3dod/Validation/48018559/48018559_frames/lowres_wide/48018559_3346.948.png,ARKitScenes/3dod/Validation/48018559/48018559_frames/lowres_depth/48018559_3346.948.png,rule,"{""a_concept"": ""cabinet"", ""a_depth_m"": 2.8369998931884766, ""b_concept"": ""stove"", ""b_depth_m"": 1.7000000476837158, ""comparative"": ""closer"", ""answer_concept"": ""stove""}"
48018559/3346.948,48018559,lidar,unknown,test,relative_depth,closer,1,"Between the stove and the oven, which one is closer to the camera?",,stove,choice,stove|oven,ARKitScenes/3dod/Validation/48018559/48018559_frames/lowres_wide/48018559_3346.948.png,ARKitScenes/3dod/Validation/48018559/48018559_frames/lowres_depth/48018559_3346.948.png,rule,"{""a_concept"": ""oven"", ""a_depth_m"": 2.25, ""b_concept"": ""stove"", ""b_depth_m"": 1.7000000476837158, ""comparative"": ""closer"", ""answer_concept"": ""stove""}"
48018560/3406.640,48018560,lidar,unknown,test,relative_depth,farther,3,"Which object is farther from the camera, the stool or the cabinet?",,cabinet,choice,stool|cabinet,ARKitScenes/3dod/Validation/48018560/48018560_frames/lowres_wide/48018560_3406.640.png,ARKitScenes/3dod/Validation/48018560/48018560_frames/lowres_depth/48018560_3406.640.png,rule,"{""a_concept"": ""cabinet"", ""a_depth_m"": 1.3700000047683716, ""b_concept"": ""stool"", ""b_depth_m"": 1.0325000286102295, ""comparative"": ""farther"", ""answer_concept"": ""cabinet""}"
48018760/15060.369,48018760,lidar,unknown,train,relative_depth,closer,0,"Which is closer to the camera, the oven or the refrigerator?",,oven,choice,oven|refrigerator,ARKitScenes/3dod/Training/48018760/48018760_frames/lowres_wide/48018760_15060.369.png,ARKitScenes/3dod/Training/48018760/48018760_frames/lowres_depth/48018760_15060.369.png,rule,"{""a_concept"": ""oven"", ""a_depth_m"": 2.3320000171661377, ""b_concept"": ""refrigerator"", ""b_depth_m"": 3.7179999351501465, ""comparative"": ""closer"", ""answer_concept"": ""oven""}"
48018760/15060.369,48018760,lidar,unknown,train,relative_depth,farther,3,"Which object is farther from the camera, the oven or the stove?",,oven,choice,oven|stove,ARKitScenes/3dod/Training/48018760/48018760_frames/lowres_wide/48018760_15060.369.png,ARKitScenes/3dod/Training/48018760/48018760_frames/lowres_depth/48018760_15060.369.png,rule,"{""a_concept"": ""oven"", ""a_depth_m"": 2.3320000171661377, ""b_concept"": ""stove"", ""b_depth_m"": 1.9179999828338623, ""comparative"": ""farther"", ""answer_concept"": ""oven""}"
48018760/15060.369,48018760,lidar,unknown,train,relative_depth,closer,0,"Which is closer to the camera, the refrigerator or the stove?",,stove,choice,refrigerator|stove,ARKitScenes/3dod/Training/48018760/48018760_frames/lowres_wide/48018760_15060.369.png,ARKitScenes/3dod/Training/48018760/48018760_frames/lowres_depth/48018760_15060.369.png,rule,"{""a_concept"": ""refrigerator"", ""a_depth_m"": 3.7179999351501465, ""b_concept"": ""stove"", ""b_depth_m"": 1.9179999828338623, ""comparative"": ""closer"", ""answer_concept"": ""stove""}"
48018760/15085.976,48018760,lidar,unknown,train,relative_depth,closer,5,"Which one is closer, the oven or the dishwasher?",,oven,choice,oven|dishwasher,ARKitScenes/3dod/Training/48018760/48018760_frames/lowres_wide/48018760_15085.976.png,ARKitScenes/3dod/Training/48018760/48018760_frames/lowres_depth/48018760_15085.976.png,rule,"{""a_concept"": ""dishwasher"", ""a_depth_m"": 3.0169999599456787, ""b_concept"": ""oven"", ""b_depth_m"": 2.549999952316284, ""comparative"": ""closer"", ""answer_concept"": ""oven""}"
48018760/15085.976,48018760,lidar,unknown,train,relative_depth,closer,5,"Which one is closer, the stove or the dishwasher?",,dishwasher,choice,stove|dishwasher,ARKitScenes/3dod/Training/48018760/48018760_frames/lowres_wide/48018760_15085.976.png,ARKitScenes/3dod/Training/48018760/48018760_frames/lowres_depth/48018760_15085.976.png,rule,"{""a_concept"": ""dishwasher"", ""a_depth_m"": 3.0169999599456787, ""b_concept"": ""stove"", ""b_depth_m"": 3.5999999046325684, ""comparative"": ""closer"", ""answer_concept"": ""dishwasher""}"
48018760/15085.976,48018760,lidar,unknown,train,relative_depth,farther,0,"Which is farther from the camera, the oven or the stove?",,stove,choice,oven|stove,ARKitScenes/3dod/Training/48018760/48018760_frames/lowres_wide/48018760_15085.976.png,ARKitScenes/3dod/Training/48018760/48018760_frames/lowres_depth/48018760_15085.976.png,rule,"{""a_concept"": ""oven"", ""a_depth_m"": 2.549999952316284, ""b_concept"": ""stove"", ""b_depth_m"": 3.5999999046325684, ""comparative"": ""farther"", ""answer_concept"": ""stove""}"
48018760/15098.771,48018760,lidar,unknown,train,relative_depth,closer,5,"Which one is closer, the oven or the refrigerator?",,refrigerator,choice,oven|refrigerator,ARKitScenes/3dod/Training/48018760/48018760_frames/lowres_wide/48018760_15098.771.png,ARKitScenes/3dod/Training/48018760/48018760_frames/lowres_depth/48018760_15098.771.png,rule,"{""a_concept"": ""oven"", ""a_depth_m"": 3.6989998817443848, ""b_concept"": ""refrigerator"", ""b_depth_m"": 2.497999906539917, ""comparative"": ""closer"", ""answer_concept"": ""refrigerator""}"
48018760/15111.565,48018760,lidar,unknown,train,relative_depth,farther,5,"Which one is farther, the cabinet or the dishwasher?",,dishwasher,choice,cabinet|dishwasher,ARKitScenes/3dod/Training/48018760/48018760_frames/lowres_wide/48018760_15111.565.png,ARKitScenes/3dod/Training/48018760/48018760_frames/lowres_depth/48018760_15111.565.png,rule,"{""a_concept"": ""cabinet"", ""a_depth_m"": 1.4869999885559082, ""b_concept"": ""dishwasher"", ""b_depth_m"": 1.8329999446868896, ""comparative"": ""farther"", ""answer_concept"": ""dishwasher""}"
48018771/14022.187,48018771,lidar,unknown,train,relative_depth,closer,3,"Which object is closer to the camera, the table or the television?",,table,choice,table|television,ARKitScenes/3dod/Training/48018771/48018771_frames/lowres_wide/48018771_14022.187.png,ARKitScenes/3dod/Training/48018771/48018771_frames/lowres_depth/48018771_14022.187.png,rule,"{""a_concept"": ""table"", ""a_depth_m"": 1.9620000123977661, ""b_concept"": ""television"", ""b_depth_m"": 2.315999984741211, ""comparative"": ""closer"", ""answer_concept"": ""table""}"
48018771/14057.989,48018771,lidar,unknown,train,relative_depth,farther,4,"Of the bed and the table, which is farther?",,table,choice,bed|table,ARKitScenes/3dod/Training/48018771/48018771_frames/lowres_wide/48018771_14057.989.png,ARKitScenes/3dod/Training/48018771/48018771_frames/lowres_depth/48018771_14057.989.png,rule,"{""a_concept"": ""bed"", ""a_depth_m"": 1.5290000438690186, ""b_concept"": ""table"", ""b_depth_m"": 4.269000053405762, ""comparative"": ""farther"", ""answer_concept"": ""table""}"
48018802/18907.608,48018802,lidar,unknown,train,relative_depth,closer,0,"Which is closer to the camera, the sofa or the cabinet?",,sofa,choice,sofa|cabinet,ARKitScenes/3dod/Training/48018802/48018802_frames/lowres_wide/48018802_18907.608.png,ARKitScenes/3dod/Training/48018802/48018802_frames/lowres_depth/48018802_18907.608.png,rule,"{""a_concept"": ""cabinet"", ""a_depth_m"": 2.3259999752044678, ""b_concept"": ""sofa"", ""b_depth_m"": 1.9220000505447388, ""comparative"": ""closer"", ""answer_concept"": ""sofa""}"
48458260/74337.464,48458260,lidar,unknown,val,relative_depth,closer,2,Is the stool or the chair closer to the camera?,,chair,choice,stool|chair,ARKitScenes/3dod/Training/48458260/48458260_frames/lowres_wide/48458260_74337.464.png,ARKitScenes/3dod/Training/48458260/48458260_frames/lowres_depth/48458260_74337.464.png,rule,"{""a_concept"": ""chair"", ""a_depth_m"": 0.9279999732971191, ""b_concept"": ""stool"", ""b_depth_m"": 1.5605000257492065, ""comparative"": ""closer"", ""answer_concept"": ""chair""}"
48458489/111547.708,48458489,lidar,unknown,test,relative_depth,closer,3,"Which object is closer to the camera, the cabinet or the washer?",,cabinet,choice,cabinet|washer,ARKitScenes/3dod/Validation/48458489/48458489_frames/lowres_wide/48458489_111547.708.png,ARKitScenes/3dod/Validation/48458489/48458489_frames/lowres_depth/48458489_111547.708.png,rule,"{""a_concept"": ""washer"", ""a_depth_m"": 1.8300000429153442, ""b_concept"": ""cabinet"", ""b_depth_m"": 1.4754999876022339, ""comparative"": ""closer"", ""answer_concept"": ""cabinet""}"
48458489/111547.708,48458489,lidar,unknown,test,relative_depth,farther,0,"Which is farther from the camera, the cabinet or the table?",,table,choice,cabinet|table,ARKitScenes/3dod/Validation/48458489/48458489_frames/lowres_wide/48458489_111547.708.png,ARKitScenes/3dod/Validation/48458489/48458489_frames/lowres_depth/48458489_111547.708.png,rule,"{""a_concept"": ""table"", ""a_depth_m"": 1.8170000314712524, ""b_concept"": ""cabinet"", ""b_depth_m"": 1.4754999876022339, ""comparative"": ""farther"", ""answer_concept"": ""table""}"
48458714/137754.333,48458714,lidar,unknown,train,relative_depth,closer,1,"Between the washer and the cabinet, which one is closer to the camera?",,cabinet,choice,washer|cabinet,ARKitScenes/3dod/Training/48458714/48458714_frames/lowres_wide/48458714_137754.333.png,ARKitScenes/3dod/Training/48458714/48458714_frames/lowres_depth/48458714_137754.333.png,rule,"{""a_concept"": ""washer"", ""a_depth_m"": 2.0309998989105225, ""b_concept"": ""cabinet"", ""b_depth_m"": 1.4010000228881836, ""comparative"": ""closer"", ""answer_concept"": ""cabinet""}"
48458714/137754.333,48458714,lidar,unknown,train,relative_depth,farther,1,"Between the sink and the washer, which one is farther from the camera?",,washer,choice,sink|washer,ARKitScenes/3dod/Training/48458714/48458714_frames/lowres_wide/48458714_137754.333.png,ARKitScenes/3dod/Training/48458714/48458714_frames/lowres_depth/48458714_137754.333.png,rule,"{""a_concept"": ""washer"", ""a_depth_m"": 2.0309998989105225, ""b_concept"": ""sink"", ""b_depth_m"": 1.2699999809265137, ""comparative"": ""farther"", ""answer_concept"": ""washer""}"
48458714/137771.609,48458714,lidar,unknown,train,relative_depth,closer,1,"Between the washer and the cabinet, which one is closer to the camera?",,washer,choice,washer|cabinet,ARKitScenes/3dod/Training/48458714/48458714_frames/lowres_wide/48458714_137771.609.png,ARKitScenes/3dod/Training/48458714/48458714_frames/lowres_depth/48458714_137771.609.png,rule,"{""a_concept"": ""washer"", ""a_depth_m"": 0.8500000238418579, ""b_concept"": ""cabinet"", ""b_depth_m"": 1.3580000400543213, ""comparative"": ""closer"", ""answer_concept"": ""washer""}"
48458716/137805.829,48458716,lidar,unknown,train,relative_depth,farther,4,"Of the washer and the cabinet, which is farther?",,washer,choice,washer|cabinet,ARKitScenes/3dod/Training/48458716/48458716_frames/lowres_wide/48458716_137805.829.png,ARKitScenes/3dod/Training/48458716/48458716_frames/lowres_depth/48458716_137805.829.png,rule,"{""a_concept"": ""washer"", ""a_depth_m"": 1.475000023841858, ""b_concept"": ""cabinet"", ""b_depth_m"": 1.1619999408721924, ""comparative"": ""farther"", ""answer_concept"": ""washer""}"
